Action,Time,Sensor,
Open,"October 20, 2016 at 11:36AM",Wireless Lab door,
Closed,"October 20, 2016 at 11:36AM",Wireless Lab door,
Open,"October 20, 2016 at 11:53AM",Wireless Lab door,
Closed,"October 20, 2016 at 11:53AM",Wireless Lab door,
Open,"October 20, 2016 at 12:06PM",Wireless Lab door,
Closed,"October 20, 2016 at 12:06PM",Wireless Lab door,
Open,"October 20, 2016 at 12:46PM",Wireless Lab door,
Closed,"October 20, 2016 at 12:46PM",Wireless Lab door,
Movement,"October 20, 2016 at 01:11PM",Motion Sensor,
Open,"October 20, 2016 at 01:11PM",Wireless Lab door,
Closed,"October 20, 2016 at 01:11PM",Wireless Lab door,
Open,"October 20, 2016 at 01:12PM",Wireless Lab door,
Closed,"October 20, 2016 at 01:12PM",Wireless Lab door,
Movement,"October 20, 2016 at 01:12PM",Motion Sensor,
Movement,"October 20, 2016 at 01:16PM",Motion Sensor,
Movement,"October 20, 2016 at 01:17PM",Motion Sensor,
Movement,"October 20, 2016 at 01:19PM",Motion Sensor,
Open,"October 20, 2016 at 01:19PM",Wireless Lab door,
Closed,"October 20, 2016 at 01:19PM",Wireless Lab door,
Open,"October 20, 2016 at 01:19PM",Wireless Lab door,
Open,"October 20, 2016 at 01:20PM",Wireless Lab door,
Movement,"October 20, 2016 at 01:20PM",Motion Sensor,
Movement,"October 20, 2016 at 01:22PM",Motion Sensor,
Open,"October 20, 2016 at 01:22PM",Wireless Lab door,
Closed,"October 20, 2016 at 01:22PM",Wireless Lab door,
Open,"October 20, 2016 at 01:24PM",Wireless Lab door,
Movement,"October 20, 2016 at 01:24PM",Motion Sensor,
Open,"October 20, 2016 at 01:24PM",Wireless Lab door,
Closed,"October 20, 2016 at 01:24PM",Wireless Lab door,
Open,"October 20, 2016 at 02:50PM",Wireless Lab door,
Movement,"October 20, 2016 at 02:50PM",Motion Sensor,
Closed,"October 20, 2016 at 02:50PM",Wireless Lab door,
Movement,"October 20, 2016 at 02:51PM",Motion Sensor,
Open,"October 20, 2016 at 02:51PM",Wireless Lab door,
Closed,"October 20, 2016 at 02:51PM",Wireless Lab door,
Open,"October 20, 2016 at 02:57PM",Wireless Lab door,
Movement,"October 20, 2016 at 02:57PM",Motion Sensor,
Closed,"October 20, 2016 at 02:57PM",Wireless Lab door,
Movement,"October 20, 2016 at 02:59PM",Motion Sensor,
Open,"October 20, 2016 at 02:59PM",Wireless Lab door,
Closed,"October 20, 2016 at 02:59PM",Wireless Lab door,
Open,"October 20, 2016 at 03:20PM",Wireless Lab door,
Movement,"October 20, 2016 at 03:20PM",Motion Sensor,
Closed,"October 20, 2016 at 03:20PM",Wireless Lab door,
Movement,"October 20, 2016 at 03:20PM",Motion Sensor,
Movement,"October 20, 2016 at 03:21PM",Motion Sensor,
Movement,"October 20, 2016 at 03:23PM",Motion Sensor,
Movement,"October 20, 2016 at 03:23PM",Motion Sensor,
Movement,"October 20, 2016 at 03:24PM",Motion Sensor,
Open,"October 20, 2016 at 03:24PM",Wireless Lab door,
Closed,"October 20, 2016 at 03:24PM",Wireless Lab door,
Open,"October 20, 2016 at 04:22PM",Wireless Lab door,
Movement,"October 20, 2016 at 04:22PM",Motion Sensor,
Closed,"October 20, 2016 at 04:22PM",Wireless Lab door,
Movement,"October 20, 2016 at 04:24PM",Motion Sensor,
Open,"October 20, 2016 at 04:24PM",Wireless Lab door,
Closed,"October 20, 2016 at 04:24PM",Wireless Lab door,
Open,"October 20, 2016 at 04:39PM",Wireless Lab door,
Movement,"October 20, 2016 at 04:39PM",Motion Sensor,
Closed,"October 20, 2016 at 04:39PM",Wireless Lab door,
Movement,"October 20, 2016 at 04:41PM",Motion Sensor,
Open,"October 20, 2016 at 04:42PM",Wireless Lab door,
Closed,"October 20, 2016 at 04:42PM",Wireless Lab door,
Movement,"October 20, 2016 at 04:43PM",Motion Sensor,
Closed,"October 20, 2016 at 04:43PM",Wireless Lab door,
Movement,"October 20, 2016 at 04:51PM",Motion Sensor,
Open,"October 20, 2016 at 04:51PM",Wireless Lab door,
Closed,"October 20, 2016 at 04:51PM",Wireless Lab door,
Open,"October 20, 2016 at 05:09PM",Wireless Lab door,
Movement,"October 20, 2016 at 05:09PM",Motion Sensor,
Closed,"October 20, 2016 at 05:09PM",Wireless Lab door,
Movement,"October 20, 2016 at 05:10PM",Motion Sensor,
Movement,"October 20, 2016 at 05:13PM",Motion Sensor,
Open,"October 20, 2016 at 05:13PM",Wireless Lab door,
Closed,"October 20, 2016 at 05:13PM",Wireless Lab door,
Movement,"October 20, 2016 at 05:13PM",Motion Sensor,
Open,"October 20, 2016 at 05:14PM",Wireless Lab door,
Closed,"October 20, 2016 at 05:14PM",Wireless Lab door,
Movement,"October 20, 2016 at 05:15PM",Motion Sensor,
Movement,"October 20, 2016 at 05:19PM",Motion Sensor,
Movement,"October 20, 2016 at 05:20PM",Motion Sensor,
Movement,"October 20, 2016 at 05:21PM",Motion Sensor,
Movement,"October 20, 2016 at 05:21PM",Motion Sensor,
Movement,"October 20, 2016 at 05:22PM",Motion Sensor,
Movement,"October 20, 2016 at 05:22PM",Motion Sensor,
Movement,"October 20, 2016 at 05:23PM",Motion Sensor,
Movement,"October 20, 2016 at 05:23PM",Motion Sensor,
Movement,"October 20, 2016 at 05:23PM",Motion Sensor,
Open,"October 20, 2016 at 05:24PM",Wireless Lab door,
Closed,"October 20, 2016 at 05:24PM",Wireless Lab door,
Movement,"October 20, 2016 at 05:24PM",Motion Sensor,
Movement,"October 20, 2016 at 05:25PM",Motion Sensor,
Movement,"October 20, 2016 at 05:26PM",Motion Sensor,
Open,"October 20, 2016 at 05:26PM",Wireless Lab door,
Closed,"October 20, 2016 at 05:26PM",Wireless Lab door,
Movement,"October 20, 2016 at 05:28PM",Motion Sensor,
Movement,"October 20, 2016 at 05:29PM",Motion Sensor,
Movement,"October 20, 2016 at 05:30PM",Motion Sensor,
Movement,"October 20, 2016 at 05:31PM",Motion Sensor,
Movement,"October 20, 2016 at 05:32PM",Motion Sensor,
Movement,"October 20, 2016 at 05:35PM",Motion Sensor,
Movement,"October 20, 2016 at 05:36PM",Motion Sensor,
Open,"October 20, 2016 at 05:37PM",Wireless Lab door,
Closed,"October 20, 2016 at 05:37PM",Wireless Lab door,
Movement,"October 20, 2016 at 05:39PM",Motion Sensor,
Movement,"October 20, 2016 at 05:41PM",Motion Sensor,
Movement,"October 20, 2016 at 05:42PM",Motion Sensor,
Movement,"October 20, 2016 at 05:43PM",Motion Sensor,
Movement,"October 20, 2016 at 05:43PM",Motion Sensor,
Movement,"October 20, 2016 at 05:44PM",Motion Sensor,
Movement,"October 20, 2016 at 05:44PM",Motion Sensor,
Movement,"October 20, 2016 at 05:45PM",Motion Sensor,
Movement,"October 20, 2016 at 05:46PM",Motion Sensor,
Movement,"October 20, 2016 at 05:46PM",Motion Sensor,
Movement,"October 20, 2016 at 05:47PM",Motion Sensor,
Movement,"October 20, 2016 at 05:47PM",Motion Sensor,
Open,"October 20, 2016 at 05:48PM",Wireless Lab door,
Closed,"October 20, 2016 at 05:48PM",Wireless Lab door,
Movement,"October 20, 2016 at 05:49PM",Motion Sensor,
Movement,"October 20, 2016 at 05:49PM",Motion Sensor,
Open,"October 20, 2016 at 05:49PM",Wireless Lab door,
Closed,"October 20, 2016 at 05:49PM",Wireless Lab door,
Open,"October 20, 2016 at 05:52PM",Wireless Lab door,
Movement,"October 20, 2016 at 05:53PM",Motion Sensor,
Closed,"October 20, 2016 at 05:53PM",Wireless Lab door,
Movement,"October 20, 2016 at 05:53PM",Motion Sensor,
Movement,"October 20, 2016 at 05:54PM",Motion Sensor,
Movement,"October 20, 2016 at 05:54PM",Motion Sensor,
Movement,"October 20, 2016 at 05:55PM",Motion Sensor,
Movement,"October 20, 2016 at 05:55PM",Motion Sensor,
Movement,"October 20, 2016 at 05:56PM",Motion Sensor,
Movement,"October 20, 2016 at 05:56PM",Motion Sensor,
Movement,"October 20, 2016 at 05:57PM",Motion Sensor,
Movement,"October 20, 2016 at 05:58PM",Motion Sensor,
Movement,"October 20, 2016 at 05:58PM",Motion Sensor,
Movement,"October 20, 2016 at 05:58PM",Motion Sensor,
Open,"October 20, 2016 at 05:59PM",Wireless Lab door,
Closed,"October 20, 2016 at 05:59PM",Wireless Lab door,
Movement,"October 20, 2016 at 05:59PM",Motion Sensor,
Movement,"October 20, 2016 at 05:59PM",Motion Sensor,
Movement,"October 20, 2016 at 06:00PM",Motion Sensor,
Movement,"October 20, 2016 at 06:00PM",Motion Sensor,
Open,"October 20, 2016 at 06:01PM",Wireless Lab door,
Closed,"October 20, 2016 at 06:01PM",Wireless Lab door,
Movement,"October 20, 2016 at 08:42PM",Motion Sensor,
Movement,"October 20, 2016 at 08:44PM",Motion Sensor,
Movement,"October 20, 2016 at 08:47PM",Motion Sensor,
Movement,"October 20, 2016 at 08:48PM",Motion Sensor,
Movement,"October 20, 2016 at 08:52PM",Motion Sensor,
Movement,"October 20, 2016 at 08:58PM",Motion Sensor,
Movement,"October 20, 2016 at 08:59PM",Motion Sensor,
Movement,"October 20, 2016 at 09:00PM",Motion Sensor,
Movement,"October 20, 2016 at 09:01PM",Motion Sensor,
Movement,"October 20, 2016 at 09:02PM",Motion Sensor,
Movement,"October 20, 2016 at 09:02PM",Motion Sensor,
Movement,"October 20, 2016 at 09:03PM",Motion Sensor,
Movement,"October 20, 2016 at 09:03PM",Motion Sensor,
Movement,"October 20, 2016 at 09:19PM",Motion Sensor,
Movement,"October 20, 2016 at 09:27PM",Motion Sensor,
Movement,"October 20, 2016 at 09:28PM",Motion Sensor,
Movement,"October 20, 2016 at 09:32PM",Motion Sensor,
Movement,"October 20, 2016 at 09:33PM",Motion Sensor,
Movement,"October 20, 2016 at 09:35PM",Motion Sensor,
Movement,"October 20, 2016 at 09:38PM",Motion Sensor,
Movement,"October 20, 2016 at 09:43PM",Motion Sensor,
Movement,"October 20, 2016 at 09:46PM",Motion Sensor,
Movement,"October 20, 2016 at 09:48PM",Motion Sensor,
Movement,"October 20, 2016 at 09:50PM",Motion Sensor,
Movement,"October 20, 2016 at 09:51PM",Motion Sensor,
Movement,"October 20, 2016 at 09:52PM",Motion Sensor,
Movement,"October 20, 2016 at 09:54PM",Motion Sensor,
Movement,"October 20, 2016 at 09:54PM",Motion Sensor,
Closed,"October 20, 2016 at 09:54PM",Wireless Lab door,
Movement,"October 20, 2016 at 09:55PM",Motion Sensor,
Movement,"October 20, 2016 at 09:57PM",Motion Sensor,
Movement,"October 20, 2016 at 09:57PM",Motion Sensor,
Movement,"October 20, 2016 at 09:58PM",Motion Sensor,
Movement,"October 20, 2016 at 09:58PM",Motion Sensor,
Movement,"October 20, 2016 at 09:59PM",Motion Sensor,
Movement,"October 20, 2016 at 09:59PM",Motion Sensor,
Movement,"October 20, 2016 at 09:59PM",Motion Sensor,
Movement,"October 20, 2016 at 09:59PM",Motion Sensor,
Movement,"October 20, 2016 at 10:00PM",Motion Sensor,
Movement,"October 20, 2016 at 10:01PM",Motion Sensor,
Movement,"October 20, 2016 at 10:02PM",Motion Sensor,
Movement,"October 20, 2016 at 10:02PM",Motion Sensor,
Movement,"October 20, 2016 at 10:03PM",Motion Sensor,
Movement,"October 20, 2016 at 10:03PM",Motion Sensor,
Movement,"October 20, 2016 at 10:03PM",Motion Sensor,
Movement,"October 20, 2016 at 10:04PM",Motion Sensor,
Movement,"October 20, 2016 at 10:04PM",Motion Sensor,
Movement,"October 20, 2016 at 10:04PM",Motion Sensor,
Movement,"October 20, 2016 at 10:06PM",Motion Sensor,
Movement,"October 20, 2016 at 10:07PM",Motion Sensor,
Movement,"October 20, 2016 at 10:08PM",Motion Sensor,
Movement,"October 20, 2016 at 10:09PM",Motion Sensor,
Movement,"October 20, 2016 at 10:09PM",Motion Sensor,
Movement,"October 20, 2016 at 10:10PM",Motion Sensor,
Movement,"October 20, 2016 at 10:11PM",Motion Sensor,
Movement,"October 20, 2016 at 10:12PM",Motion Sensor,
Movement,"October 20, 2016 at 10:13PM",Motion Sensor,
Movement,"October 20, 2016 at 10:13PM",Motion Sensor,
Movement,"October 20, 2016 at 10:13PM",Motion Sensor,
Movement,"October 20, 2016 at 10:14PM",Motion Sensor,
Movement,"October 20, 2016 at 10:15PM",Motion Sensor,
Movement,"October 20, 2016 at 10:15PM",Motion Sensor,
Movement,"October 20, 2016 at 10:16PM",Motion Sensor,
Movement,"October 20, 2016 at 10:16PM",Motion Sensor,
Movement,"October 20, 2016 at 10:16PM",Motion Sensor,
Movement,"October 20, 2016 at 10:17PM",Motion Sensor,
Open,"October 20, 2016 at 10:18PM",Wireless Lab door,
Closed,"October 20, 2016 at 10:18PM",Wireless Lab door,
Open,"October 21, 2016 at 04:13AM",Wireless Lab door,
Closed,"October 21, 2016 at 04:13AM",Wireless Lab door,
Open,"October 21, 2016 at 11:44AM",Wireless Lab door,
Movement,"October 21, 2016 at 11:44AM",Motion Sensor,
Closed,"October 21, 2016 at 11:44AM",Wireless Lab door,
Movement,"October 21, 2016 at 11:44AM",Motion Sensor,
Open,"October 21, 2016 at 11:44AM",Wireless Lab door,
Closed,"October 21, 2016 at 11:44AM",Wireless Lab door,
Open,"October 21, 2016 at 12:15PM",Wireless Lab door,
Movement,"October 21, 2016 at 12:15PM",Motion Sensor,
Closed,"October 21, 2016 at 12:15PM",Wireless Lab door,
Movement,"October 21, 2016 at 12:16PM",Motion Sensor,
Movement,"October 21, 2016 at 12:17PM",Motion Sensor,
Movement,"October 21, 2016 at 12:17PM",Motion Sensor,
Movement,"October 21, 2016 at 12:18PM",Motion Sensor,
Movement,"October 21, 2016 at 12:19PM",Motion Sensor,
Movement,"October 21, 2016 at 12:20PM",Motion Sensor,
Movement,"October 21, 2016 at 12:20PM",Motion Sensor,
Movement,"October 21, 2016 at 12:25PM",Motion Sensor,
Movement,"October 21, 2016 at 12:25PM",Motion Sensor,
Movement,"October 21, 2016 at 12:26PM",Motion Sensor,
Movement,"October 21, 2016 at 12:26PM",Motion Sensor,
Movement,"October 21, 2016 at 12:27PM",Motion Sensor,
Movement,"October 21, 2016 at 12:27PM",Motion Sensor,
Movement,"October 21, 2016 at 12:28PM",Motion Sensor,
Movement,"October 21, 2016 at 12:31PM",Motion Sensor,
Movement,"October 21, 2016 at 12:32PM",Motion Sensor,
Movement,"October 21, 2016 at 12:33PM",Motion Sensor,
Movement,"October 21, 2016 at 12:33PM",Motion Sensor,
Movement,"October 21, 2016 at 12:34PM",Motion Sensor,
Movement,"October 21, 2016 at 12:35PM",Motion Sensor,
Movement,"October 21, 2016 at 12:36PM",Motion Sensor,
Movement,"October 21, 2016 at 12:36PM",Motion Sensor,
Movement,"October 21, 2016 at 12:37PM",Motion Sensor,
Movement,"October 21, 2016 at 12:39PM",Motion Sensor,
Movement,"October 21, 2016 at 12:45PM",Motion Sensor,
Movement,"October 21, 2016 at 12:46PM",Motion Sensor,
Movement,"October 21, 2016 at 12:48PM",Motion Sensor,
Closed,"October 21, 2016 at 12:48PM",Wireless Lab door,
Open,"October 21, 2016 at 12:48PM",Wireless Lab door,
Closed,"October 21, 2016 at 12:48PM",Wireless Lab door,
Movement,"October 21, 2016 at 12:54PM",Motion Sensor,
Closed,"October 21, 2016 at 12:54PM",Wireless Lab door,
Movement,"October 21, 2016 at 12:55PM",Motion Sensor,
Movement,"October 21, 2016 at 12:55PM",Motion Sensor,
Movement,"October 21, 2016 at 12:55PM",Motion Sensor,
Movement,"October 21, 2016 at 12:56PM",Motion Sensor,
Movement,"October 21, 2016 at 12:56PM",Motion Sensor,
Movement,"October 21, 2016 at 12:57PM",Motion Sensor,
Movement,"October 21, 2016 at 12:58PM",Motion Sensor,
Movement,"October 21, 2016 at 01:00PM",Motion Sensor,
Movement,"October 21, 2016 at 01:01PM",Motion Sensor,
Movement,"October 21, 2016 at 01:02PM",Motion Sensor,
Movement,"October 21, 2016 at 01:02PM",Motion Sensor,
Movement,"October 21, 2016 at 01:03PM",Motion Sensor,
Movement,"October 21, 2016 at 01:05PM",Motion Sensor,
Movement,"October 21, 2016 at 01:09PM",Motion Sensor,
Movement,"October 21, 2016 at 01:11PM",Motion Sensor,
Movement,"October 21, 2016 at 01:11PM",Motion Sensor,
Movement,"October 21, 2016 at 01:12PM",Motion Sensor,
Movement,"October 21, 2016 at 01:13PM",Motion Sensor,
Movement,"October 21, 2016 at 01:13PM",Motion Sensor,
Movement,"October 21, 2016 at 01:16PM",Motion Sensor,
Movement,"October 21, 2016 at 01:16PM",Motion Sensor,
Movement,"October 21, 2016 at 01:17PM",Motion Sensor,
Movement,"October 21, 2016 at 01:17PM",Motion Sensor,
Movement,"October 21, 2016 at 01:17PM",Motion Sensor,
Movement,"October 21, 2016 at 01:18PM",Motion Sensor,
Movement,"October 21, 2016 at 01:20PM",Motion Sensor,
Open,"October 21, 2016 at 01:20PM",Wireless Lab door,
Closed,"October 21, 2016 at 01:20PM",Wireless Lab door,
Open,"October 21, 2016 at 01:21PM",Wireless Lab door,
Closed,"October 21, 2016 at 01:21PM",Wireless Lab door,
Open,"October 21, 2016 at 01:21PM",Wireless Lab door,
Movement,"October 21, 2016 at 01:21PM",Motion Sensor,
Closed,"October 21, 2016 at 01:21PM",Wireless Lab door,
Open,"October 21, 2016 at 01:22PM",Wireless Lab door,
Movement,"October 21, 2016 at 01:23PM",Motion Sensor,
Closed,"October 21, 2016 at 01:23PM",Wireless Lab door,
Movement,"October 21, 2016 at 01:23PM",Motion Sensor,
Movement,"October 21, 2016 at 01:24PM",Motion Sensor,
Open,"October 21, 2016 at 01:24PM",Wireless Lab door,
Closed,"October 21, 2016 at 01:25PM",Wireless Lab door,
Movement,"October 21, 2016 at 01:26PM",Motion Sensor,
Movement,"October 21, 2016 at 01:26PM",Motion Sensor,
Movement,"October 21, 2016 at 01:27PM",Motion Sensor,
Movement,"October 21, 2016 at 01:27PM",Motion Sensor,
Movement,"October 21, 2016 at 01:28PM",Motion Sensor,
Movement,"October 21, 2016 at 01:29PM",Motion Sensor,
Closed,"October 21, 2016 at 01:29PM",Wireless Lab door,
Movement,"October 21, 2016 at 01:30PM",Motion Sensor,
Movement,"October 21, 2016 at 01:31PM",Motion Sensor,
Movement,"October 21, 2016 at 01:32PM",Motion Sensor,
Movement,"October 21, 2016 at 01:32PM",Motion Sensor,
Movement,"October 21, 2016 at 01:32PM",Motion Sensor,
Movement,"October 21, 2016 at 01:35PM",Motion Sensor,
Movement,"October 21, 2016 at 01:36PM",Motion Sensor,
Movement,"October 21, 2016 at 01:38PM",Motion Sensor,
Movement,"October 21, 2016 at 01:38PM",Motion Sensor,
Movement,"October 21, 2016 at 01:39PM",Motion Sensor,
Movement,"October 21, 2016 at 01:41PM",Motion Sensor,
Movement,"October 21, 2016 at 01:41PM",Motion Sensor,
Movement,"October 21, 2016 at 01:42PM",Motion Sensor,
Movement,"October 21, 2016 at 01:43PM",Motion Sensor,
Movement,"October 21, 2016 at 01:43PM",Motion Sensor,
Movement,"October 21, 2016 at 01:44PM",Motion Sensor,
Movement,"October 21, 2016 at 01:45PM",Motion Sensor,
Movement,"October 21, 2016 at 01:46PM",Motion Sensor,
Movement,"October 21, 2016 at 01:47PM",Motion Sensor,
Movement,"October 21, 2016 at 01:47PM",Motion Sensor,
Movement,"October 21, 2016 at 01:47PM",Motion Sensor,
Movement,"October 21, 2016 at 01:48PM",Motion Sensor,
Movement,"October 21, 2016 at 01:48PM",Motion Sensor,
Movement,"October 21, 2016 at 01:49PM",Motion Sensor,
Movement,"October 21, 2016 at 01:50PM",Motion Sensor,
Movement,"October 21, 2016 at 01:51PM",Motion Sensor,
Movement,"October 21, 2016 at 01:51PM",Motion Sensor,
Movement,"October 21, 2016 at 01:52PM",Motion Sensor,
Movement,"October 21, 2016 at 01:52PM",Motion Sensor,
Movement,"October 21, 2016 at 01:52PM",Motion Sensor,
Open,"October 21, 2016 at 01:53PM",Wireless Lab door,
Closed,"October 21, 2016 at 01:53PM",Wireless Lab door,
Movement,"October 21, 2016 at 01:53PM",Motion Sensor,
Movement,"October 21, 2016 at 01:54PM",Motion Sensor,
Movement,"October 21, 2016 at 01:55PM",Motion Sensor,
Movement,"October 21, 2016 at 01:55PM",Motion Sensor,
Movement,"October 21, 2016 at 01:56PM",Motion Sensor,
Movement,"October 21, 2016 at 01:56PM",Motion Sensor,
Movement,"October 21, 2016 at 01:56PM",Motion Sensor,
Movement,"October 21, 2016 at 01:57PM",Motion Sensor,
Movement,"October 21, 2016 at 01:58PM",Motion Sensor,
Movement,"October 21, 2016 at 02:02PM",Motion Sensor,
Movement,"October 21, 2016 at 02:03PM",Motion Sensor,
Movement,"October 21, 2016 at 02:04PM",Motion Sensor,
Movement,"October 21, 2016 at 02:04PM",Motion Sensor,
Movement,"October 21, 2016 at 02:05PM",Motion Sensor,
Movement,"October 21, 2016 at 02:06PM",Motion Sensor,
Movement,"October 21, 2016 at 02:06PM",Motion Sensor,
Movement,"October 21, 2016 at 02:08PM",Motion Sensor,
Movement,"October 21, 2016 at 02:09PM",Motion Sensor,
Movement,"October 21, 2016 at 02:12PM",Motion Sensor,
Movement,"October 21, 2016 at 02:13PM",Motion Sensor,
Open,"October 21, 2016 at 02:13PM",Wireless Lab door,
Closed,"October 21, 2016 at 02:13PM",Wireless Lab door,
Movement,"October 21, 2016 at 02:13PM",Motion Sensor,
Movement,"October 21, 2016 at 02:13PM",Motion Sensor,
Open,"October 21, 2016 at 02:13PM",Wireless Lab door,
Closed,"October 21, 2016 at 02:14PM",Wireless Lab door,
Movement,"October 21, 2016 at 02:15PM",Motion Sensor,
Movement,"October 21, 2016 at 02:16PM",Motion Sensor,
Movement,"October 21, 2016 at 02:16PM",Motion Sensor,
Open,"October 21, 2016 at 02:24PM",Wireless Lab door,
Movement,"October 21, 2016 at 02:25PM",Motion Sensor,
Closed,"October 21, 2016 at 02:25PM",Wireless Lab door,
Movement,"October 21, 2016 at 02:25PM",Motion Sensor,
Movement,"October 21, 2016 at 02:26PM",Motion Sensor,
Movement,"October 21, 2016 at 02:27PM",Motion Sensor,
Movement,"October 21, 2016 at 02:28PM",Motion Sensor,
Movement,"October 21, 2016 at 02:29PM",Motion Sensor,
Movement,"October 21, 2016 at 02:29PM",Motion Sensor,
Movement,"October 21, 2016 at 02:29PM",Motion Sensor,
Open,"October 21, 2016 at 02:31PM",Wireless Lab door,
Movement,"October 21, 2016 at 02:31PM",Motion Sensor,
Closed,"October 21, 2016 at 02:31PM",Wireless Lab door,
Movement,"October 21, 2016 at 02:32PM",Motion Sensor,
Movement,"October 21, 2016 at 02:33PM",Motion Sensor,
Movement,"October 21, 2016 at 02:34PM",Motion Sensor,
Movement,"October 21, 2016 at 02:34PM",Motion Sensor,
Movement,"October 21, 2016 at 02:36PM",Motion Sensor,
Movement,"October 21, 2016 at 02:38PM",Motion Sensor,
Movement,"October 21, 2016 at 02:38PM",Motion Sensor,
Movement,"October 21, 2016 at 02:38PM",Motion Sensor,
Movement,"October 21, 2016 at 02:39PM",Motion Sensor,
Movement,"October 21, 2016 at 02:40PM",Motion Sensor,
Movement,"October 21, 2016 at 02:41PM",Motion Sensor,
Movement,"October 21, 2016 at 02:49PM",Motion Sensor,
Movement,"October 21, 2016 at 02:50PM",Motion Sensor,
Open,"October 21, 2016 at 02:50PM",Wireless Lab door,
Movement,"October 21, 2016 at 02:51PM",Motion Sensor,
Closed,"October 21, 2016 at 02:51PM",Wireless Lab door,
Movement,"October 21, 2016 at 02:52PM",Motion Sensor,
Movement,"October 21, 2016 at 02:52PM",Motion Sensor,
Movement,"October 21, 2016 at 02:53PM",Motion Sensor,
Movement,"October 21, 2016 at 02:54PM",Motion Sensor,
Movement,"October 21, 2016 at 02:55PM",Motion Sensor,
Movement,"October 21, 2016 at 02:55PM",Motion Sensor,
Movement,"October 21, 2016 at 02:57PM",Motion Sensor,
Movement,"October 21, 2016 at 02:57PM",Motion Sensor,
Movement,"October 21, 2016 at 02:58PM",Motion Sensor,
Open,"October 21, 2016 at 02:58PM",Wireless Lab door,
Movement,"October 21, 2016 at 02:59PM",Motion Sensor,
Closed,"October 21, 2016 at 02:59PM",Wireless Lab door,
Closed,"October 21, 2016 at 02:59PM",Wireless Lab door,
Movement,"October 21, 2016 at 02:59PM",Motion Sensor,
Movement,"October 21, 2016 at 03:01PM",Motion Sensor,
Movement,"October 21, 2016 at 03:02PM",Motion Sensor,
Movement,"October 21, 2016 at 03:02PM",Motion Sensor,
Open,"October 21, 2016 at 03:02PM",Wireless Lab door,
Movement,"October 21, 2016 at 03:02PM",Motion Sensor,
Closed,"October 21, 2016 at 03:02PM",Wireless Lab door,
Movement,"October 21, 2016 at 03:03PM",Motion Sensor,
Movement,"October 21, 2016 at 03:03PM",Motion Sensor,
Movement,"October 21, 2016 at 03:03PM",Motion Sensor,
Movement,"October 21, 2016 at 03:04PM",Motion Sensor,
Movement,"October 21, 2016 at 03:05PM",Motion Sensor,
Movement,"October 21, 2016 at 03:05PM",Motion Sensor,
Movement,"October 21, 2016 at 03:06PM",Motion Sensor,
Movement,"October 21, 2016 at 03:06PM",Motion Sensor,
Movement,"October 21, 2016 at 03:06PM",Motion Sensor,
Movement,"October 21, 2016 at 03:07PM",Motion Sensor,
Movement,"October 21, 2016 at 03:07PM",Motion Sensor,
Movement,"October 21, 2016 at 03:07PM",Motion Sensor,
Movement,"October 21, 2016 at 03:08PM",Motion Sensor,
Closed,"October 21, 2016 at 03:08PM",Wireless Lab door,
Movement,"October 21, 2016 at 03:09PM",Motion Sensor,
Movement,"October 21, 2016 at 03:10PM",Motion Sensor,
Movement,"October 21, 2016 at 03:11PM",Motion Sensor,
Movement,"October 21, 2016 at 03:11PM",Motion Sensor,
Movement,"October 21, 2016 at 03:12PM",Motion Sensor,
Movement,"October 21, 2016 at 03:13PM",Motion Sensor,
Movement,"October 21, 2016 at 03:13PM",Motion Sensor,
Movement,"October 21, 2016 at 03:13PM",Motion Sensor,
Movement,"October 21, 2016 at 03:14PM",Motion Sensor,
Movement,"October 21, 2016 at 03:15PM",Motion Sensor,
Movement,"October 21, 2016 at 03:15PM",Motion Sensor,
Movement,"October 21, 2016 at 03:15PM",Motion Sensor,
Movement,"October 21, 2016 at 03:16PM",Motion Sensor,
Movement,"October 21, 2016 at 03:16PM",Motion Sensor,
Movement,"October 21, 2016 at 03:17PM",Motion Sensor,
Movement,"October 21, 2016 at 03:18PM",Motion Sensor,
Movement,"October 21, 2016 at 03:18PM",Motion Sensor,
Movement,"October 21, 2016 at 03:21PM",Motion Sensor,
Open,"October 21, 2016 at 03:22PM",Wireless Lab door,
Closed,"October 21, 2016 at 03:23PM",Wireless Lab door,
Movement,"October 21, 2016 at 03:23PM",Motion Sensor,
Movement,"October 21, 2016 at 03:24PM",Motion Sensor,
Movement,"October 21, 2016 at 03:24PM",Motion Sensor,
Movement,"October 21, 2016 at 03:25PM",Motion Sensor,
Movement,"October 21, 2016 at 03:25PM",Motion Sensor,
Movement,"October 21, 2016 at 03:26PM",Motion Sensor,
Movement,"October 21, 2016 at 03:26PM",Motion Sensor,
Movement,"October 21, 2016 at 03:28PM",Motion Sensor,
Open,"October 21, 2016 at 03:29PM",Wireless Lab door,
Closed,"October 21, 2016 at 03:29PM",Wireless Lab door,
Movement,"October 21, 2016 at 03:29PM",Motion Sensor,
Movement,"October 21, 2016 at 03:29PM",Motion Sensor,
Movement,"October 21, 2016 at 03:32PM",Motion Sensor,
Movement,"October 21, 2016 at 03:33PM",Motion Sensor,
Movement,"October 21, 2016 at 03:33PM",Motion Sensor,
Movement,"October 21, 2016 at 03:34PM",Motion Sensor,
Movement,"October 21, 2016 at 03:36PM",Motion Sensor,
Movement,"October 21, 2016 at 03:37PM",Motion Sensor,
Movement,"October 21, 2016 at 03:37PM",Motion Sensor,
Movement,"October 21, 2016 at 03:38PM",Motion Sensor,
Movement,"October 21, 2016 at 03:38PM",Motion Sensor,
Movement,"October 21, 2016 at 03:39PM",Motion Sensor,
Movement,"October 21, 2016 at 03:43PM",Motion Sensor,
Open,"October 21, 2016 at 03:44PM",Wireless Lab door,
Closed,"October 21, 2016 at 03:45PM",Wireless Lab door,
Open,"October 21, 2016 at 03:45PM",Wireless Lab door,
Closed,"October 21, 2016 at 03:45PM",Wireless Lab door,
Open,"October 21, 2016 at 03:45PM",Wireless Lab door,
Closed,"October 21, 2016 at 03:45PM",Wireless Lab door,
Open,"October 21, 2016 at 03:46PM",Wireless Lab door,
Closed,"October 21, 2016 at 03:46PM",Wireless Lab door,
Movement,"October 21, 2016 at 03:46PM",Motion Sensor,
Open,"October 21, 2016 at 03:46PM",Wireless Lab door,
Closed,"October 21, 2016 at 03:47PM",Wireless Lab door,
Closed,"October 21, 2016 at 03:47PM",Wireless Lab door,
Movement,"October 21, 2016 at 03:47PM",Motion Sensor,
Movement,"October 21, 2016 at 03:47PM",Motion Sensor,
Movement,"October 21, 2016 at 03:48PM",Motion Sensor,
Movement,"October 21, 2016 at 03:48PM",Motion Sensor,
Movement,"October 21, 2016 at 03:49PM",Motion Sensor,
Movement,"October 21, 2016 at 03:51PM",Motion Sensor,
Open,"October 21, 2016 at 03:51PM",Wireless Lab door,
Movement,"October 21, 2016 at 03:51PM",Motion Sensor,
Open,"October 21, 2016 at 03:54PM",Wireless Lab door,
Closed,"October 21, 2016 at 03:54PM",Wireless Lab door,
Movement,"October 21, 2016 at 03:57PM",Motion Sensor,
Open,"October 21, 2016 at 03:57PM",Wireless Lab door,
Closed,"October 21, 2016 at 03:57PM",Wireless Lab door,
Open,"October 21, 2016 at 03:57PM",Wireless Lab door,
Closed,"October 21, 2016 at 03:57PM",Wireless Lab door,
Open,"October 21, 2016 at 03:57PM",Wireless Lab door,
Closed,"October 21, 2016 at 03:57PM",Wireless Lab door,
Open,"October 21, 2016 at 04:01PM",Wireless Lab door,
Closed,"October 21, 2016 at 04:01PM",Wireless Lab door,
Open,"October 21, 2016 at 04:01PM",Wireless Lab door,
Closed,"October 21, 2016 at 04:01PM",Wireless Lab door,
Movement,"October 21, 2016 at 04:02PM",Motion Sensor,
Open,"October 21, 2016 at 04:04PM",Wireless Lab door,
Closed,"October 21, 2016 at 04:04PM",Wireless Lab door,
Movement,"October 21, 2016 at 04:05PM",Motion Sensor,
Open,"October 21, 2016 at 04:06PM",Wireless Lab door,
Closed,"October 21, 2016 at 04:06PM",Wireless Lab door,
Movement,"October 21, 2016 at 04:07PM",Motion Sensor,
Movement,"October 21, 2016 at 04:09PM",Motion Sensor,
Movement,"October 21, 2016 at 04:10PM",Motion Sensor,
Movement,"October 21, 2016 at 04:12PM",Motion Sensor,
Movement,"October 21, 2016 at 04:12PM",Motion Sensor,
Movement,"October 21, 2016 at 04:16PM",Motion Sensor,
Movement,"October 21, 2016 at 04:17PM",Motion Sensor,
Open,"October 21, 2016 at 04:18PM",Wireless Lab door,
Closed,"October 21, 2016 at 04:18PM",Wireless Lab door,
Open,"October 21, 2016 at 04:18PM",Wireless Lab door,
Closed,"October 21, 2016 at 04:19PM",Wireless Lab door,
Open,"October 21, 2016 at 04:20PM",Wireless Lab door,
Closed,"October 21, 2016 at 04:20PM",Wireless Lab door,
Movement,"October 21, 2016 at 04:20PM",Motion Sensor,
Movement,"October 21, 2016 at 04:21PM",Motion Sensor,
Movement,"October 21, 2016 at 04:24PM",Motion Sensor,
Movement,"October 21, 2016 at 04:24PM",Motion Sensor,
Movement,"October 21, 2016 at 04:24PM",Motion Sensor,
Movement,"October 21, 2016 at 04:25PM",Motion Sensor,
Movement,"October 21, 2016 at 04:27PM",Motion Sensor,
Movement,"October 21, 2016 at 04:28PM",Motion Sensor,
Movement,"October 21, 2016 at 04:30PM",Motion Sensor,
Movement,"October 21, 2016 at 04:30PM",Motion Sensor,
Movement,"October 21, 2016 at 04:31PM",Motion Sensor,
Movement,"October 21, 2016 at 04:31PM",Motion Sensor,
Movement,"October 21, 2016 at 04:32PM",Motion Sensor,
Movement,"October 21, 2016 at 04:33PM",Motion Sensor,
Movement,"October 21, 2016 at 04:34PM",Motion Sensor,
Movement,"October 21, 2016 at 04:35PM",Motion Sensor,
Movement,"October 21, 2016 at 04:35PM",Motion Sensor,
Movement,"October 21, 2016 at 04:36PM",Motion Sensor,
Movement,"October 21, 2016 at 04:36PM",Motion Sensor,
Movement,"October 21, 2016 at 04:37PM",Motion Sensor,
Movement,"October 21, 2016 at 04:38PM",Motion Sensor,
Movement,"October 21, 2016 at 04:39PM",Motion Sensor,
Movement,"October 21, 2016 at 04:39PM",Motion Sensor,
Movement,"October 21, 2016 at 04:40PM",Motion Sensor,
Movement,"October 21, 2016 at 04:40PM",Motion Sensor,
Movement,"October 21, 2016 at 04:41PM",Motion Sensor,
Movement,"October 21, 2016 at 04:41PM",Motion Sensor,
Movement,"October 21, 2016 at 04:42PM",Motion Sensor,
Movement,"October 21, 2016 at 04:43PM",Motion Sensor,
Movement,"October 21, 2016 at 04:44PM",Motion Sensor,
Movement,"October 21, 2016 at 04:45PM",Motion Sensor,
Movement,"October 21, 2016 at 04:46PM",Motion Sensor,
Movement,"October 21, 2016 at 04:46PM",Motion Sensor,
Movement,"October 21, 2016 at 04:48PM",Motion Sensor,
Movement,"October 21, 2016 at 04:48PM",Motion Sensor,
Open,"October 21, 2016 at 04:48PM",Wireless Lab door,
Movement,"October 21, 2016 at 04:48PM",Motion Sensor,
Movement,"October 21, 2016 at 04:49PM",Motion Sensor,
Movement,"October 21, 2016 at 04:49PM",Motion Sensor,
Movement,"October 21, 2016 at 04:49PM",Motion Sensor,
Movement,"October 21, 2016 at 04:50PM",Motion Sensor,
Movement,"October 21, 2016 at 04:51PM",Motion Sensor,
Movement,"October 21, 2016 at 04:51PM",Motion Sensor,
Movement,"October 21, 2016 at 04:53PM",Motion Sensor,
Movement,"October 21, 2016 at 04:53PM",Motion Sensor,
Movement,"October 21, 2016 at 04:53PM",Motion Sensor,
Movement,"October 21, 2016 at 04:54PM",Motion Sensor,
Movement,"October 21, 2016 at 04:54PM",Motion Sensor,
Movement,"October 21, 2016 at 04:55PM",Motion Sensor,
Movement,"October 21, 2016 at 04:56PM",Motion Sensor,
Movement,"October 21, 2016 at 04:56PM",Motion Sensor,
Movement,"October 21, 2016 at 04:56PM",Motion Sensor,
Movement,"October 21, 2016 at 04:57PM",Motion Sensor,
Movement,"October 21, 2016 at 04:57PM",Motion Sensor,
Movement,"October 21, 2016 at 04:58PM",Motion Sensor,
Movement,"October 21, 2016 at 04:58PM",Motion Sensor,
Movement,"October 21, 2016 at 04:58PM",Motion Sensor,
Movement,"October 21, 2016 at 04:59PM",Motion Sensor,
Movement,"October 21, 2016 at 05:00PM",Motion Sensor,
Movement,"October 21, 2016 at 05:00PM",Motion Sensor,
Movement,"October 21, 2016 at 05:01PM",Motion Sensor,
Movement,"October 21, 2016 at 05:01PM",Motion Sensor,
Movement,"October 21, 2016 at 05:01PM",Motion Sensor,
Movement,"October 21, 2016 at 05:02PM",Motion Sensor,
Movement,"October 21, 2016 at 05:02PM",Motion Sensor,
Movement,"October 21, 2016 at 05:03PM",Motion Sensor,
Movement,"October 21, 2016 at 05:04PM",Motion Sensor,
Movement,"October 21, 2016 at 05:05PM",Motion Sensor,
Movement,"October 21, 2016 at 05:05PM",Motion Sensor,
Movement,"October 21, 2016 at 05:06PM",Motion Sensor,
Movement,"October 21, 2016 at 05:06PM",Motion Sensor,
Movement,"October 21, 2016 at 05:07PM",Motion Sensor,
Movement,"October 21, 2016 at 05:07PM",Motion Sensor,
Movement,"October 21, 2016 at 05:08PM",Motion Sensor,
Movement,"October 21, 2016 at 05:12PM",Motion Sensor,
Movement,"October 21, 2016 at 05:12PM",Motion Sensor,
Movement,"October 21, 2016 at 05:12PM",Motion Sensor,
Movement,"October 21, 2016 at 05:12PM",Motion Sensor,
Movement,"October 21, 2016 at 05:13PM",Motion Sensor,
Movement,"October 21, 2016 at 05:13PM",Motion Sensor,
Movement,"October 21, 2016 at 05:14PM",Motion Sensor,
Movement,"October 21, 2016 at 05:14PM",Motion Sensor,
Movement,"October 21, 2016 at 05:14PM",Motion Sensor,
Movement,"October 21, 2016 at 05:15PM",Motion Sensor,
Movement,"October 21, 2016 at 05:15PM",Motion Sensor,
Movement,"October 21, 2016 at 05:16PM",Motion Sensor,
Movement,"October 21, 2016 at 05:16PM",Motion Sensor,
Movement,"October 21, 2016 at 05:16PM",Motion Sensor,
Movement,"October 21, 2016 at 05:17PM",Motion Sensor,
Movement,"October 21, 2016 at 05:17PM",Motion Sensor,
Movement,"October 21, 2016 at 05:18PM",Motion Sensor,
Movement,"October 21, 2016 at 05:18PM",Motion Sensor,
Movement,"October 21, 2016 at 05:19PM",Motion Sensor,
Movement,"October 21, 2016 at 05:20PM",Motion Sensor,
Movement,"October 21, 2016 at 05:21PM",Motion Sensor,
Movement,"October 21, 2016 at 05:21PM",Motion Sensor,
Movement,"October 21, 2016 at 05:21PM",Motion Sensor,
Movement,"October 21, 2016 at 05:21PM",Motion Sensor,
Movement,"October 21, 2016 at 05:24PM",Motion Sensor,
Movement,"October 21, 2016 at 05:24PM",Motion Sensor,
Movement,"October 21, 2016 at 05:25PM",Motion Sensor,
Movement,"October 21, 2016 at 05:26PM",Motion Sensor,
Movement,"October 21, 2016 at 05:27PM",Motion Sensor,
Movement,"October 21, 2016 at 05:28PM",Motion Sensor,
Movement,"October 21, 2016 at 05:29PM",Motion Sensor,
Movement,"October 21, 2016 at 05:29PM",Motion Sensor,
Movement,"October 21, 2016 at 05:30PM",Motion Sensor,
Open,"October 21, 2016 at 05:30PM",Wireless Lab door,
Closed,"October 21, 2016 at 05:30PM",Wireless Lab door,
Movement,"October 21, 2016 at 05:31PM",Motion Sensor,
Movement,"October 21, 2016 at 05:32PM",Motion Sensor,
Movement,"October 21, 2016 at 05:32PM",Motion Sensor,
Movement,"October 21, 2016 at 05:33PM",Motion Sensor,
Movement,"October 21, 2016 at 05:33PM",Motion Sensor,
Movement,"October 21, 2016 at 05:34PM",Motion Sensor,
Movement,"October 21, 2016 at 05:34PM",Motion Sensor,
Movement,"October 21, 2016 at 05:35PM",Motion Sensor,
Movement,"October 21, 2016 at 05:35PM",Motion Sensor,
Movement,"October 21, 2016 at 05:35PM",Motion Sensor,
Movement,"October 21, 2016 at 05:35PM",Motion Sensor,
Movement,"October 21, 2016 at 05:36PM",Motion Sensor,
Movement,"October 21, 2016 at 05:37PM",Motion Sensor,
Movement,"October 21, 2016 at 05:38PM",Motion Sensor,
Movement,"October 21, 2016 at 05:39PM",Motion Sensor,
Movement,"October 21, 2016 at 05:39PM",Motion Sensor,
Movement,"October 21, 2016 at 05:39PM",Motion Sensor,
Movement,"October 21, 2016 at 05:40PM",Motion Sensor,
Movement,"October 21, 2016 at 05:40PM",Motion Sensor,
Movement,"October 21, 2016 at 05:41PM",Motion Sensor,
Movement,"October 21, 2016 at 05:41PM",Motion Sensor,
Movement,"October 21, 2016 at 05:42PM",Motion Sensor,
Open,"October 21, 2016 at 05:42PM",Wireless Lab door,
Closed,"October 21, 2016 at 05:42PM",Wireless Lab door,
Movement,"October 21, 2016 at 05:43PM",Motion Sensor,
Movement,"October 21, 2016 at 05:43PM",Motion Sensor,
Movement,"October 21, 2016 at 05:44PM",Motion Sensor,
Movement,"October 21, 2016 at 05:44PM",Motion Sensor,
Movement,"October 21, 2016 at 05:45PM",Motion Sensor,
Movement,"October 21, 2016 at 05:45PM",Motion Sensor,
Movement,"October 21, 2016 at 05:46PM",Motion Sensor,
Movement,"October 21, 2016 at 05:46PM",Motion Sensor,
Movement,"October 21, 2016 at 05:47PM",Motion Sensor,
Movement,"October 21, 2016 at 05:47PM",Motion Sensor,
Movement,"October 21, 2016 at 05:48PM",Motion Sensor,
Movement,"October 21, 2016 at 05:49PM",Motion Sensor,
Open,"October 21, 2016 at 05:50PM",Wireless Lab door,
Closed,"October 21, 2016 at 05:51PM",Wireless Lab door,
Open,"October 21, 2016 at 05:51PM",Wireless Lab door,
Closed,"October 21, 2016 at 05:52PM",Wireless Lab door,
Open,"October 21, 2016 at 05:52PM",Wireless Lab door,
Closed,"October 21, 2016 at 05:52PM",Wireless Lab door,
Closed,"October 21, 2016 at 05:53PM",Wireless Lab door,
Open,"October 24, 2016 at 01:49AM",Wireless Lab door,
Movement,"October 24, 2016 at 01:49AM",Motion Sensor,
Movement,"October 24, 2016 at 01:50AM",Motion Sensor,
Closed,"October 24, 2016 at 01:50AM",Wireless Lab door,
Movement,"October 24, 2016 at 01:46PM",Motion Sensor,
Closed,"October 24, 2016 at 01:46PM",Wireless Lab door,
Movement,"October 24, 2016 at 01:46PM",Motion Sensor,
Open,"October 24, 2016 at 01:46PM",Wireless Lab door,
Closed,"October 24, 2016 at 01:47PM",Wireless Lab door,
Open,"October 24, 2016 at 02:13PM",Wireless Lab door,
Closed,"October 24, 2016 at 02:13PM",Wireless Lab door,
Movement,"October 24, 2016 at 02:14PM",Motion Sensor,
Closed,"October 24, 2016 at 02:14PM",Wireless Lab door,
Open,"October 24, 2016 at 02:38PM",Wireless Lab door,
Movement,"October 24, 2016 at 02:38PM",Motion Sensor,
Closed,"October 24, 2016 at 02:39PM",Wireless Lab door,
Movement,"October 24, 2016 at 02:52PM",Motion Sensor,
Closed,"October 24, 2016 at 02:52PM",Wireless Lab door,
Open,"October 24, 2016 at 02:51PM",Wireless Lab door,
Movement,"October 24, 2016 at 02:52PM",Motion Sensor,
Movement,"October 24, 2016 at 02:53PM",Motion Sensor,
Movement,"October 24, 2016 at 02:54PM",Motion Sensor,
Movement,"October 24, 2016 at 02:54PM",Motion Sensor,
Movement,"October 24, 2016 at 02:56PM",Motion Sensor,
Movement,"October 24, 2016 at 02:56PM",Motion Sensor,
Movement,"October 24, 2016 at 02:57PM",Motion Sensor,
Movement,"October 24, 2016 at 02:57PM",Motion Sensor,
Open,"October 24, 2016 at 02:58PM",Wireless Lab door,
Closed,"October 24, 2016 at 02:58PM",Wireless Lab door,
Open,"October 24, 2016 at 02:58PM",Wireless Lab door,
Closed,"October 24, 2016 at 02:59PM",Wireless Lab door,
Movement,"October 24, 2016 at 02:59PM",Motion Sensor,
Movement,"October 24, 2016 at 03:00PM",Motion Sensor,
Movement,"October 24, 2016 at 03:05PM",Motion Sensor,
Movement,"October 24, 2016 at 03:33PM",Motion Sensor,
Movement,"October 24, 2016 at 03:37PM",Motion Sensor,
Movement,"October 24, 2016 at 03:42PM",Motion Sensor,
Movement,"October 24, 2016 at 03:43PM",Motion Sensor,
Movement,"October 24, 2016 at 03:57PM",Motion Sensor,
Movement,"October 24, 2016 at 03:57PM",Motion Sensor,
Movement,"October 24, 2016 at 04:08PM",Motion Sensor,
Movement,"October 24, 2016 at 04:09PM",Motion Sensor,
Movement,"October 24, 2016 at 04:11PM",Motion Sensor,
Movement,"October 24, 2016 at 04:11PM",Motion Sensor,
Movement,"October 24, 2016 at 04:12PM",Motion Sensor,
Movement,"October 24, 2016 at 04:12PM",Motion Sensor,
Movement,"October 24, 2016 at 04:16PM",Motion Sensor,
Movement,"October 24, 2016 at 04:18PM",Motion Sensor,
Movement,"October 24, 2016 at 04:18PM",Motion Sensor,
Movement,"October 24, 2016 at 04:19PM",Motion Sensor,
Movement,"October 24, 2016 at 04:20PM",Motion Sensor,
Movement,"October 24, 2016 at 04:21PM",Motion Sensor,
Movement,"October 24, 2016 at 04:22PM",Motion Sensor,
Open,"October 24, 2016 at 04:22PM",Wireless Lab door,
Closed,"October 24, 2016 at 04:22PM",Wireless Lab door,
Movement,"October 24, 2016 at 05:45PM",Motion Sensor,
Closed,"October 24, 2016 at 05:45PM",Wireless Lab door,
Movement,"October 24, 2016 at 05:45PM",Motion Sensor,
Movement,"October 24, 2016 at 05:45PM",Motion Sensor,
Movement,"October 24, 2016 at 05:46PM",Motion Sensor,
Movement,"October 24, 2016 at 05:47PM",Motion Sensor,
Movement,"October 24, 2016 at 05:48PM",Motion Sensor,
Movement,"October 24, 2016 at 05:49PM",Motion Sensor,
Movement,"October 24, 2016 at 05:50PM",Motion Sensor,
Movement,"October 24, 2016 at 05:50PM",Motion Sensor,
Movement,"October 24, 2016 at 05:51PM",Motion Sensor,
Movement,"October 24, 2016 at 05:52PM",Motion Sensor,
Movement,"October 24, 2016 at 05:52PM",Motion Sensor,
Movement,"October 24, 2016 at 05:53PM",Motion Sensor,
Movement,"October 24, 2016 at 05:53PM",Motion Sensor,
Movement,"October 24, 2016 at 05:54PM",Motion Sensor,
Movement,"October 24, 2016 at 05:54PM",Motion Sensor,
Movement,"October 24, 2016 at 05:54PM",Motion Sensor,
Movement,"October 24, 2016 at 05:55PM",Motion Sensor,
Movement,"October 24, 2016 at 05:55PM",Motion Sensor,
Open,"October 24, 2016 at 05:55PM",Wireless Lab door,
Closed,"October 24, 2016 at 05:55PM",Wireless Lab door,
Open,"October 24, 2016 at 05:58PM",Wireless Lab door,
Movement,"October 24, 2016 at 05:58PM",Motion Sensor,
Closed,"October 24, 2016 at 05:58PM",Wireless Lab door,
Movement,"October 24, 2016 at 06:00PM",Motion Sensor,
Movement,"October 24, 2016 at 06:00PM",Motion Sensor,
Movement,"October 24, 2016 at 06:02PM",Motion Sensor,
Movement,"October 24, 2016 at 06:03PM",Motion Sensor,
Movement,"October 24, 2016 at 06:03PM",Motion Sensor,
Movement,"October 24, 2016 at 06:10PM",Motion Sensor,
Movement,"October 24, 2016 at 06:12PM",Motion Sensor,
Movement,"October 24, 2016 at 06:13PM",Motion Sensor,
Movement,"October 24, 2016 at 06:14PM",Motion Sensor,
Movement,"October 24, 2016 at 06:15PM",Motion Sensor,
Movement,"October 24, 2016 at 06:50PM",Motion Sensor,
Movement,"October 24, 2016 at 06:50PM",Motion Sensor,
Movement,"October 24, 2016 at 06:50PM",Motion Sensor,
Open,"October 24, 2016 at 06:51PM",Wireless Lab door,
Closed,"October 24, 2016 at 06:51PM",Wireless Lab door,
Open,"October 25, 2016 at 01:43AM",Wireless Lab door,
Closed,"October 25, 2016 at 01:43AM",Wireless Lab door,
Movement,"October 25, 2016 at 10:27AM",Motion Sensor,
Closed,"October 25, 2016 at 10:27AM",Wireless Lab door,
Movement,"October 25, 2016 at 10:29AM",Motion Sensor,
Movement,"October 25, 2016 at 10:31AM",Motion Sensor,
Movement,"October 25, 2016 at 10:32AM",Motion Sensor,
Movement,"October 25, 2016 at 10:32AM",Motion Sensor,
Movement,"October 25, 2016 at 10:35AM",Motion Sensor,
Movement,"October 25, 2016 at 10:47AM",Motion Sensor,
Movement,"October 25, 2016 at 11:39AM",Motion Sensor,
Movement,"October 25, 2016 at 11:40AM",Motion Sensor,
Movement,"October 25, 2016 at 11:41AM",Motion Sensor,
Open,"October 25, 2016 at 11:41AM",Wireless Lab door,
Closed,"October 25, 2016 at 11:41AM",Wireless Lab door,
Open,"October 25, 2016 at 11:59AM",Wireless Lab door,Alissa and Brock Enter the Lab to hack stuff
Movement,"October 25, 2016 at 11:59AM",Motion Sensor,
Closed,"October 25, 2016 at 11:59AM",Wireless Lab door,
Movement,"October 25, 2016 at 12:00PM",Motion Sensor,
Movement,"October 25, 2016 at 12:01PM",Motion Sensor,
Movement,"October 25, 2016 at 12:01PM",Motion Sensor,
Movement,"October 25, 2016 at 12:01PM",Motion Sensor,
Movement,"October 25, 2016 at 12:02PM",Motion Sensor,
Closed,"October 25, 2016 at 12:02PM",Wireless Lab door,Smith Scarred hackers away
Open,"October 25, 2016 at 12:03PM",Wireless Lab door,
Movement,"October 25, 2016 at 12:04PM",Motion Sensor,
Closed,"October 25, 2016 at 12:06PM",Wireless Lab door,
Movement,"October 25, 2016 at 12:07PM",Motion Sensor,
Movement,"October 25, 2016 at 12:07PM",Motion Sensor,
Open,"October 25, 2016 at 12:07PM",Wireless Lab door,
Closed,"October 25, 2016 at 12:08PM",Wireless Lab door,Smith left
Open,"October 25, 2016 at 01:18PM",Wireless Lab door,
Closed,"October 25, 2016 at 01:18PM",Wireless Lab door,
Movement,"October 25, 2016 at 01:19PM",Motion Sensor,
Movement,"October 25, 2016 at 01:19PM",Motion Sensor,
Movement,"October 25, 2016 at 01:20PM",Motion Sensor,
Movement,"October 25, 2016 at 01:20PM",Motion Sensor,
Movement,"October 25, 2016 at 01:20PM",Motion Sensor,
Movement,"October 25, 2016 at 01:21PM",Motion Sensor,
Movement,"October 25, 2016 at 01:22PM",Motion Sensor,
Movement,"October 25, 2016 at 01:22PM",Motion Sensor,
Open,"October 25, 2016 at 01:22PM",Wireless Lab door,
Closed,"October 25, 2016 at 01:22PM",Wireless Lab door,
Movement,"October 25, 2016 at 03:12PM",Motion Sensor,
Closed,"October 25, 2016 at 03:12PM",Wireless Lab door,
Movement,"October 25, 2016 at 03:14PM",Motion Sensor,
Movement,"October 25, 2016 at 03:14PM",Motion Sensor,
Movement,"October 25, 2016 at 03:14PM",Motion Sensor,
Movement,"October 25, 2016 at 03:15PM",Motion Sensor,
Movement,"October 25, 2016 at 03:16PM",Motion Sensor,
Open,"October 25, 2016 at 03:16PM",Wireless Lab door,
Closed,"October 25, 2016 at 03:16PM",Wireless Lab door,
Open,"October 25, 2016 at 03:20PM",Wireless Lab door,
Closed,"October 25, 2016 at 03:20PM",Wireless Lab door,
Movement,"October 25, 2016 at 03:21PM",Motion Sensor,
Movement,"October 25, 2016 at 03:23PM",Motion Sensor,
Movement,"October 25, 2016 at 03:24PM",Motion Sensor,
Open,"October 25, 2016 at 03:27PM",Wireless Lab door,
Closed,"October 25, 2016 at 03:28PM",Wireless Lab door,
Movement,"October 25, 2016 at 03:29PM",Motion Sensor,
Movement,"October 25, 2016 at 03:29PM",Motion Sensor,
Movement,"October 25, 2016 at 03:29PM",Motion Sensor,
Movement,"October 25, 2016 at 03:30PM",Motion Sensor,
Movement,"October 25, 2016 at 03:30PM",Motion Sensor,
Movement,"October 25, 2016 at 03:31PM",Motion Sensor,
Movement,"October 25, 2016 at 03:31PM",Motion Sensor,
Movement,"October 25, 2016 at 03:32PM",Motion Sensor,
Movement,"October 25, 2016 at 03:33PM",Motion Sensor,
Movement,"October 25, 2016 at 03:33PM",Motion Sensor,
Movement,"October 25, 2016 at 03:33PM",Motion Sensor,
Movement,"October 25, 2016 at 03:34PM",Motion Sensor,
Movement,"October 25, 2016 at 03:35PM",Motion Sensor,
Movement,"October 25, 2016 at 03:35PM",Motion Sensor,
Movement,"October 25, 2016 at 03:36PM",Motion Sensor,
Movement,"October 25, 2016 at 03:36PM",Motion Sensor,
Movement,"October 25, 2016 at 03:37PM",Motion Sensor,
Movement,"October 25, 2016 at 03:37PM",Motion Sensor,
Movement,"October 25, 2016 at 03:38PM",Motion Sensor,
Movement,"October 25, 2016 at 03:59PM",Motion Sensor,
Movement,"October 25, 2016 at 04:00PM",Motion Sensor,
Movement,"October 25, 2016 at 04:01PM",Motion Sensor,
Movement,"October 25, 2016 at 04:02PM",Motion Sensor,
Movement,"October 25, 2016 at 04:07PM",Motion Sensor,
Movement,"October 25, 2016 at 04:09PM",Motion Sensor,
Movement,"October 25, 2016 at 04:09PM",Motion Sensor,
Movement,"October 25, 2016 at 04:09PM",Motion Sensor,
Movement,"October 25, 2016 at 04:11PM",Motion Sensor,
Movement,"October 25, 2016 at 04:23PM",Motion Sensor,
Movement,"October 25, 2016 at 04:24PM",Motion Sensor,
Closed,"October 25, 2016 at 04:24PM",Wireless Lab door,
Open,"October 25, 2016 at 04:24PM",Wireless Lab door,
Closed,"October 25, 2016 at 04:24PM",Wireless Lab door,
Movement,"October 25, 2016 at 04:25PM",Motion Sensor,
Movement,"October 25, 2016 at 04:26PM",Motion Sensor,
Movement,"October 25, 2016 at 04:27PM",Motion Sensor,
Movement,"October 25, 2016 at 04:27PM",Motion Sensor,
Movement,"October 25, 2016 at 04:27PM",Motion Sensor,
Movement,"October 25, 2016 at 04:28PM",Motion Sensor,
Movement,"October 25, 2016 at 04:28PM",Motion Sensor,
Movement,"October 25, 2016 at 04:30PM",Motion Sensor,
Movement,"October 25, 2016 at 04:30PM",Motion Sensor,
Movement,"October 25, 2016 at 04:31PM",Motion Sensor,
Movement,"October 25, 2016 at 04:31PM",Motion Sensor,
Movement,"October 25, 2016 at 04:31PM",Motion Sensor,
Movement,"October 25, 2016 at 04:33PM",Motion Sensor,
Movement,"October 25, 2016 at 04:33PM",Motion Sensor,
Movement,"October 25, 2016 at 04:34PM",Motion Sensor,
Movement,"October 25, 2016 at 04:35PM",Motion Sensor,
Movement,"October 25, 2016 at 04:35PM",Motion Sensor,
Movement,"October 25, 2016 at 04:35PM",Motion Sensor,
Movement,"October 25, 2016 at 04:35PM",Motion Sensor,
Movement,"October 25, 2016 at 04:36PM",Motion Sensor,
Movement,"October 25, 2016 at 04:36PM",Motion Sensor,
Movement,"October 25, 2016 at 04:36PM",Motion Sensor,
Movement,"October 25, 2016 at 04:37PM",Motion Sensor,
Movement,"October 25, 2016 at 04:38PM",Motion Sensor,
Movement,"October 25, 2016 at 04:38PM",Motion Sensor,
Movement,"October 25, 2016 at 04:38PM",Motion Sensor,
Movement,"October 25, 2016 at 04:39PM",Motion Sensor,
Movement,"October 25, 2016 at 04:39PM",Motion Sensor,
Movement,"October 25, 2016 at 04:40PM",Motion Sensor,
Movement,"October 25, 2016 at 04:41PM",Motion Sensor,
Movement,"October 25, 2016 at 04:42PM",Motion Sensor,
Movement,"October 25, 2016 at 04:42PM",Motion Sensor,
Movement,"October 25, 2016 at 04:44PM",Motion Sensor,
Movement,"October 25, 2016 at 04:45PM",Motion Sensor,
Movement,"October 25, 2016 at 04:45PM",Motion Sensor,
Open,"October 25, 2016 at 04:45PM",Wireless Lab door,
Closed,"October 25, 2016 at 04:45PM",Wireless Lab door,
Movement,"October 25, 2016 at 05:04PM",Motion Sensor,
Movement,"October 25, 2016 at 05:12PM",Motion Sensor,
Movement,"October 25, 2016 at 05:12PM",Motion Sensor,
Movement,"October 25, 2016 at 05:13PM",Motion Sensor,
Movement,"October 25, 2016 at 05:14PM",Motion Sensor,
Movement,"October 25, 2016 at 05:14PM",Motion Sensor,
Movement,"October 25, 2016 at 05:15PM",Motion Sensor,
Movement,"October 25, 2016 at 05:15PM",Motion Sensor,
Open,"October 25, 2016 at 05:16PM",Wireless Lab door,
Closed,"October 25, 2016 at 05:16PM",Wireless Lab door,
Open,"October 26, 2016 at 01:50AM",Wireless Lab door,
Movement,"October 26, 2016 at 01:50AM",Motion Sensor,
Movement,"October 26, 2016 at 01:51AM",Motion Sensor,
Movement,"October 26, 2016 at 01:51AM",Motion Sensor,
Movement,"October 26, 2016 at 01:52AM",Motion Sensor,
Movement,"October 26, 2016 at 01:52AM",Motion Sensor,
Closed,"October 26, 2016 at 01:53AM",Wireless Lab door,
Movement,"October 26, 2016 at 09:59AM",Motion Sensor,
Closed,"October 26, 2016 at 09:59AM",Wireless Lab door,
Movement,"October 26, 2016 at 10:21AM",Motion Sensor,
Closed,"October 26, 2016 at 10:21AM",Wireless Lab door,
Movement,"October 26, 2016 at 10:21AM",Motion Sensor,
Movement,"October 26, 2016 at 10:22AM",Motion Sensor,
Open,"October 26, 2016 at 10:22AM",Wireless Lab door,
Closed,"October 26, 2016 at 10:22AM",Wireless Lab door,
Open,"October 26, 2016 at 04:41PM",Wireless Lab door,
Closed,"October 26, 2016 at 04:41PM",Wireless Lab door,
Movement,"October 26, 2016 at 05:31PM",Motion Sensor,
Closed,"October 26, 2016 at 05:31PM",Wireless Lab door,
Movement,"October 26, 2016 at 05:32PM",Motion Sensor,
Movement,"October 26, 2016 at 05:33PM",Motion Sensor,
Movement,"October 26, 2016 at 05:33PM",Motion Sensor,
Movement,"October 26, 2016 at 05:34PM",Motion Sensor,
Movement,"October 26, 2016 at 05:34PM",Motion Sensor,
Movement,"October 26, 2016 at 05:34PM",Motion Sensor,
Movement,"October 26, 2016 at 05:35PM",Motion Sensor,
Movement,"October 26, 2016 at 05:35PM",Motion Sensor,
Movement,"October 26, 2016 at 05:37PM",Motion Sensor,
Movement,"October 26, 2016 at 05:42PM",Motion Sensor,
Movement,"October 26, 2016 at 05:42PM",Motion Sensor,
Open,"October 26, 2016 at 05:43PM",Wireless Lab door,
Closed,"October 26, 2016 at 05:43PM",Wireless Lab door,
Open,"October 27, 2016 at 05:25AM",Wireless Lab door,
Closed,"October 27, 2016 at 05:25AM",Wireless Lab door,
Movement,"October 27, 2016 at 10:33AM",Motion Sensor,
Closed,"October 27, 2016 at 10:33AM",Wireless Lab door,
Open,"October 27, 2016 at 10:45AM",Wireless Lab door,
Closed,"October 27, 2016 at 10:45AM",Wireless Lab door,
Movement,"October 27, 2016 at 10:47AM",Motion Sensor,
Closed,"October 27, 2016 at 10:47AM",Wireless Lab door,
Open,"October 27, 2016 at 11:07AM",Wireless Lab door,
Movement,"October 27, 2016 at 11:07AM",Motion Sensor,
Movement,"October 27, 2016 at 11:08AM",Motion Sensor,
Movement,"October 27, 2016 at 11:09AM",Motion Sensor,
Open,"October 27, 2016 at 11:09AM",Wireless Lab door,
Closed,"October 27, 2016 at 11:09AM",Wireless Lab door,
Movement,"October 27, 2016 at 11:10AM",Motion Sensor,
Movement,"October 27, 2016 at 11:11AM",Motion Sensor,
Open,"October 27, 2016 at 11:11AM",Wireless Lab door,
Closed,"October 27, 2016 at 11:11AM",Wireless Lab door,
Open,"October 27, 2016 at 11:11AM",Wireless Lab door,
Closed,"October 27, 2016 at 11:12AM",Wireless Lab door,
Open,"October 27, 2016 at 11:13AM",Wireless Lab door,
Movement,"October 27, 2016 at 11:14AM",Motion Sensor,
Closed,"October 27, 2016 at 11:14AM",Wireless Lab door,
Movement,"October 27, 2016 at 11:29AM",Motion Sensor,
Movement,"October 27, 2016 at 11:29AM",Motion Sensor,
Movement,"October 27, 2016 at 11:36AM",Motion Sensor,
Open,"October 27, 2016 at 11:36AM",Wireless Lab door,
Closed,"October 27, 2016 at 11:36AM",Wireless Lab door,
Movement,"October 27, 2016 at 11:44AM",Motion Sensor,
Closed,"October 27, 2016 at 11:44AM",Wireless Lab door,
Movement,"October 27, 2016 at 11:45AM",Motion Sensor,
Open,"October 27, 2016 at 11:46AM",Wireless Lab door,
Closed,"October 27, 2016 at 11:46AM",Wireless Lab door,
Closed,"October 27, 2016 at 12:14PM",Wireless Lab door,
Movement,"October 27, 2016 at 12:14PM",Motion Sensor,
Movement,"October 27, 2016 at 12:15PM",Motion Sensor,
Movement,"October 27, 2016 at 12:15PM",Motion Sensor,
Movement,"October 27, 2016 at 12:17PM",Motion Sensor,
Closed,"October 27, 2016 at 12:17PM",Wireless Lab door,
Open,"October 27, 2016 at 01:55PM",Wireless Lab door,
Closed,"October 27, 2016 at 01:56PM",Wireless Lab door,
Open,"October 27, 2016 at 02:59PM",Wireless Lab door,
Movement,"October 27, 2016 at 03:00PM",Motion Sensor,
Movement,"October 27, 2016 at 03:01PM",Motion Sensor,
Movement,"October 27, 2016 at 03:04PM",Motion Sensor,
Open,"October 27, 2016 at 03:04PM",Wireless Lab door,
Closed,"October 27, 2016 at 03:04PM",Wireless Lab door,
Open,"October 27, 2016 at 03:07PM",Wireless Lab door,
Open,"October 27, 2016 at 03:10PM",Wireless Lab door,
Closed,"October 27, 2016 at 03:10PM",Wireless Lab door,
Movement,"October 27, 2016 at 03:13PM",Motion Sensor,
Movement,"October 27, 2016 at 03:13PM",Motion Sensor,
Movement,"October 27, 2016 at 03:13PM",Motion Sensor,
Movement,"October 27, 2016 at 03:14PM",Motion Sensor,
Movement,"October 27, 2016 at 03:15PM",Motion Sensor,
Movement,"October 27, 2016 at 03:15PM",Motion Sensor,
Movement,"October 27, 2016 at 03:15PM",Motion Sensor,
Open,"October 27, 2016 at 03:15PM",Wireless Lab door,
Closed,"October 27, 2016 at 03:15PM",Wireless Lab door,
Movement,"October 27, 2016 at 03:16PM",Motion Sensor,
Closed,"October 27, 2016 at 03:16PM",Wireless Lab door,
Movement,"October 27, 2016 at 03:17PM",Motion Sensor,
Movement,"October 27, 2016 at 03:18PM",Motion Sensor,
Movement,"October 27, 2016 at 03:18PM",Motion Sensor,
Movement,"October 27, 2016 at 03:20PM",Motion Sensor,
Movement,"October 27, 2016 at 03:21PM",Motion Sensor,
Movement,"October 27, 2016 at 03:21PM",Motion Sensor,
Movement,"October 27, 2016 at 03:22PM",Motion Sensor,
Movement,"October 27, 2016 at 03:22PM",Motion Sensor,
Movement,"October 27, 2016 at 03:23PM",Motion Sensor,
Movement,"October 27, 2016 at 03:23PM",Motion Sensor,
Movement,"October 27, 2016 at 03:24PM",Motion Sensor,
Movement,"October 27, 2016 at 03:24PM",Motion Sensor,
Movement,"October 27, 2016 at 03:25PM",Motion Sensor,
Movement,"October 27, 2016 at 03:26PM",Motion Sensor,
Movement,"October 27, 2016 at 03:26PM",Motion Sensor,
Movement,"October 27, 2016 at 03:27PM",Motion Sensor,
Movement,"October 27, 2016 at 03:27PM",Motion Sensor,
Movement,"October 27, 2016 at 03:27PM",Motion Sensor,
Movement,"October 27, 2016 at 03:28PM",Motion Sensor,
Movement,"October 27, 2016 at 03:28PM",Motion Sensor,
Movement,"October 27, 2016 at 03:28PM",Motion Sensor,
Movement,"October 27, 2016 at 03:29PM",Motion Sensor,
Movement,"October 27, 2016 at 03:29PM",Motion Sensor,
Movement,"October 27, 2016 at 03:31PM",Motion Sensor,
Movement,"October 27, 2016 at 03:32PM",Motion Sensor,
Movement,"October 27, 2016 at 03:32PM",Motion Sensor,
Movement,"October 27, 2016 at 03:33PM",Motion Sensor,
Movement,"October 27, 2016 at 03:34PM",Motion Sensor,
Movement,"October 27, 2016 at 03:34PM",Motion Sensor,
Movement,"October 27, 2016 at 03:35PM",Motion Sensor,
Movement,"October 27, 2016 at 03:35PM",Motion Sensor,
Movement,"October 27, 2016 at 03:35PM",Motion Sensor,
Movement,"October 27, 2016 at 03:36PM",Motion Sensor,
Movement,"October 27, 2016 at 03:36PM",Motion Sensor,
Movement,"October 27, 2016 at 03:37PM",Motion Sensor,
Movement,"October 27, 2016 at 03:37PM",Motion Sensor,
Movement,"October 27, 2016 at 03:38PM",Motion Sensor,
Movement,"October 27, 2016 at 03:38PM",Motion Sensor,
Movement,"October 27, 2016 at 03:38PM",Motion Sensor,
Movement,"October 27, 2016 at 03:39PM",Motion Sensor,
Movement,"October 27, 2016 at 03:39PM",Motion Sensor,
Movement,"October 27, 2016 at 03:42PM",Motion Sensor,
Movement,"October 27, 2016 at 03:43PM",Motion Sensor,
Movement,"October 27, 2016 at 03:43PM",Motion Sensor,
Movement,"October 27, 2016 at 03:44PM",Motion Sensor,
Movement,"October 27, 2016 at 03:47PM",Motion Sensor,
Movement,"October 27, 2016 at 03:47PM",Motion Sensor,
Movement,"October 27, 2016 at 03:48PM",Motion Sensor,
Movement,"October 27, 2016 at 03:49PM",Motion Sensor,
Movement,"October 27, 2016 at 03:49PM",Motion Sensor,
Movement,"October 27, 2016 at 03:49PM",Motion Sensor,
Movement,"October 27, 2016 at 03:49PM",Motion Sensor,
Movement,"October 27, 2016 at 03:50PM",Motion Sensor,
Movement,"October 27, 2016 at 03:50PM",Motion Sensor,
Movement,"October 27, 2016 at 03:50PM",Motion Sensor,
Movement,"October 27, 2016 at 03:51PM",Motion Sensor,
Movement,"October 27, 2016 at 03:52PM",Motion Sensor,
Movement,"October 27, 2016 at 03:52PM",Motion Sensor,
Movement,"October 27, 2016 at 03:53PM",Motion Sensor,
Movement,"October 27, 2016 at 03:56PM",Motion Sensor,
Movement,"October 27, 2016 at 03:56PM",Motion Sensor,
Movement,"October 27, 2016 at 03:56PM",Motion Sensor,
Movement,"October 27, 2016 at 03:59PM",Motion Sensor,
Movement,"October 27, 2016 at 04:00PM",Motion Sensor,
Movement,"October 27, 2016 at 04:00PM",Motion Sensor,
Movement,"October 27, 2016 at 04:01PM",Motion Sensor,
Movement,"October 27, 2016 at 04:02PM",Motion Sensor,
Open,"October 27, 2016 at 04:02PM",Wireless Lab door,
Closed,"October 27, 2016 at 04:02PM",Wireless Lab door,
Movement,"October 27, 2016 at 04:04PM",Motion Sensor,
Movement,"October 27, 2016 at 04:05PM",Motion Sensor,
Closed,"October 27, 2016 at 04:06PM",Wireless Lab door,
Movement,"October 27, 2016 at 04:08PM",Motion Sensor,
Movement,"October 27, 2016 at 04:09PM",Motion Sensor,
Movement,"October 27, 2016 at 04:09PM",Motion Sensor,
Movement,"October 27, 2016 at 04:09PM",Motion Sensor,
Movement,"October 27, 2016 at 04:10PM",Motion Sensor,
Movement,"October 27, 2016 at 04:10PM",Motion Sensor,
Movement,"October 27, 2016 at 04:12PM",Motion Sensor,
Movement,"October 27, 2016 at 04:13PM",Motion Sensor,
Movement,"October 27, 2016 at 04:14PM",Motion Sensor,
Movement,"October 27, 2016 at 04:14PM",Motion Sensor,
Movement,"October 27, 2016 at 04:15PM",Motion Sensor,
Movement,"October 27, 2016 at 04:16PM",Motion Sensor,
Movement,"October 27, 2016 at 04:16PM",Motion Sensor,
Movement,"October 27, 2016 at 04:17PM",Motion Sensor,
Open,"October 27, 2016 at 04:17PM",Wireless Lab door,
Movement,"October 27, 2016 at 04:18PM",Motion Sensor,
Closed,"October 27, 2016 at 04:19PM",Wireless Lab door,
Movement,"October 27, 2016 at 04:20PM",Motion Sensor,
Movement,"October 27, 2016 at 04:22PM",Motion Sensor,
Movement,"October 27, 2016 at 04:22PM",Motion Sensor,
Closed,"October 27, 2016 at 04:22PM",Wireless Lab door,
Movement,"October 27, 2016 at 04:23PM",Motion Sensor,
Movement,"October 27, 2016 at 04:24PM",Motion Sensor,
Movement,"October 27, 2016 at 04:24PM",Motion Sensor,
Movement,"October 27, 2016 at 04:25PM",Motion Sensor,
Movement,"October 27, 2016 at 04:25PM",Motion Sensor,
Movement,"October 27, 2016 at 04:26PM",Motion Sensor,
Closed,"October 27, 2016 at 04:26PM",Wireless Lab door,
Open,"October 27, 2016 at 04:26PM",Wireless Lab door,
Closed,"October 27, 2016 at 04:26PM",Wireless Lab door,
Movement,"October 27, 2016 at 04:27PM",Motion Sensor,
Movement,"October 27, 2016 at 04:27PM",Motion Sensor,
Movement,"October 27, 2016 at 04:29PM",Motion Sensor,
Closed,"October 27, 2016 at 04:29PM",Wireless Lab door,
Open,"October 27, 2016 at 04:30PM",Wireless Lab door,
Closed,"October 27, 2016 at 04:30PM",Wireless Lab door,
Closed,"October 27, 2016 at 04:31PM",Wireless Lab door,
Open,"October 27, 2016 at 04:31PM",Wireless Lab door,
Closed,"October 27, 2016 at 04:31PM",Wireless Lab door,
Movement,"October 27, 2016 at 04:32PM",Motion Sensor,
Movement,"October 27, 2016 at 04:32PM",Motion Sensor,
Movement,"October 27, 2016 at 04:33PM",Motion Sensor,
Movement,"October 27, 2016 at 04:33PM",Motion Sensor,
Movement,"October 27, 2016 at 04:33PM",Motion Sensor,
Movement,"October 27, 2016 at 04:34PM",Motion Sensor,
Movement,"October 27, 2016 at 04:34PM",Motion Sensor,
Movement,"October 27, 2016 at 04:35PM",Motion Sensor,
Movement,"October 27, 2016 at 04:35PM",Motion Sensor,
Movement,"October 27, 2016 at 04:35PM",Motion Sensor,
Movement,"October 27, 2016 at 04:36PM",Motion Sensor,
Open,"October 27, 2016 at 04:41PM",Wireless Lab door,
Movement,"October 27, 2016 at 04:41PM",Motion Sensor,
Closed,"October 27, 2016 at 04:42PM",Wireless Lab door,
Movement,"October 27, 2016 at 04:46PM",Motion Sensor,
Movement,"October 27, 2016 at 04:48PM",Motion Sensor,
Closed,"October 27, 2016 at 04:49PM",Wireless Lab door,
Movement,"October 27, 2016 at 04:52PM",Motion Sensor,
Movement,"October 27, 2016 at 05:00PM",Motion Sensor,
Movement,"October 27, 2016 at 05:02PM",Motion Sensor,
Open,"October 27, 2016 at 05:08PM",Wireless Lab door,
Closed,"October 27, 2016 at 05:08PM",Wireless Lab door,
Movement,"October 27, 2016 at 05:08PM",Motion Sensor,
Movement,"October 27, 2016 at 05:08PM",Motion Sensor,
Movement,"October 27, 2016 at 05:09PM",Motion Sensor,
Movement,"October 27, 2016 at 05:09PM",Motion Sensor,
Open,"October 27, 2016 at 05:11PM",Wireless Lab door,
Movement,"October 27, 2016 at 05:12PM",Motion Sensor,
Movement,"October 27, 2016 at 05:13PM",Motion Sensor,
Movement,"October 27, 2016 at 05:13PM",Motion Sensor,
Movement,"October 27, 2016 at 05:13PM",Motion Sensor,
Movement,"October 27, 2016 at 05:14PM",Motion Sensor,
Movement,"October 27, 2016 at 05:14PM",Motion Sensor,
Movement,"October 27, 2016 at 05:14PM",Motion Sensor,
Open,"October 27, 2016 at 05:14PM",Wireless Lab door,
Closed,"October 27, 2016 at 05:15PM",Wireless Lab door,
Movement,"October 27, 2016 at 05:15PM",Motion Sensor,
Movement,"October 27, 2016 at 05:15PM",Motion Sensor,
Movement,"October 27, 2016 at 05:16PM",Motion Sensor,
Closed,"October 27, 2016 at 05:16PM",Wireless Lab door,
Movement,"October 27, 2016 at 05:16PM",Motion Sensor,
Closed,"October 27, 2016 at 05:16PM",Wireless Lab door,
Movement,"October 27, 2016 at 05:17PM",Motion Sensor,
Closed,"October 27, 2016 at 05:17PM",Wireless Lab door,
Closed,"October 27, 2016 at 05:18PM",Wireless Lab door,
Movement,"October 27, 2016 at 05:19PM",Motion Sensor,
Closed,"October 27, 2016 at 05:19PM",Wireless Lab door,
Movement,"October 27, 2016 at 05:20PM",Motion Sensor,
Movement,"October 27, 2016 at 05:20PM",Motion Sensor,
Movement,"October 27, 2016 at 05:22PM",Motion Sensor,
Movement,"October 27, 2016 at 05:23PM",Motion Sensor,
Closed,"October 27, 2016 at 05:23PM",Wireless Lab door,
Movement,"October 27, 2016 at 05:24PM",Motion Sensor,
Movement,"October 27, 2016 at 05:25PM",Motion Sensor,
Movement,"October 27, 2016 at 05:26PM",Motion Sensor,
Open,"October 27, 2016 at 05:26PM",Wireless Lab door,
Closed,"October 27, 2016 at 05:26PM",Wireless Lab door,
Movement,"October 27, 2016 at 05:27PM",Motion Sensor,
Movement,"October 27, 2016 at 05:27PM",Motion Sensor,
Movement,"October 27, 2016 at 05:27PM",Motion Sensor,
Movement,"October 27, 2016 at 05:28PM",Motion Sensor,
Movement,"October 27, 2016 at 05:29PM",Motion Sensor,
Movement,"October 27, 2016 at 05:30PM",Motion Sensor,
Movement,"October 27, 2016 at 05:31PM",Motion Sensor,
Movement,"October 27, 2016 at 05:31PM",Motion Sensor,
Movement,"October 27, 2016 at 05:32PM",Motion Sensor,
Movement,"October 27, 2016 at 05:37PM",Motion Sensor,
Movement,"October 27, 2016 at 05:38PM",Motion Sensor,
Movement,"October 27, 2016 at 05:39PM",Motion Sensor,
Movement,"October 27, 2016 at 05:40PM",Motion Sensor,
Movement,"October 27, 2016 at 05:42PM",Motion Sensor,
Movement,"October 27, 2016 at 05:46PM",Motion Sensor,
Movement,"October 27, 2016 at 05:47PM",Motion Sensor,
Movement,"October 27, 2016 at 05:47PM",Motion Sensor,
Movement,"October 27, 2016 at 05:47PM",Motion Sensor,
Closed,"October 27, 2016 at 05:48PM",Wireless Lab door,
Movement,"October 27, 2016 at 05:48PM",Motion Sensor,
Movement,"October 27, 2016 at 05:48PM",Motion Sensor,
Closed,"October 27, 2016 at 05:49PM",Wireless Lab door,
Open,"October 27, 2016 at 05:49PM",Wireless Lab door,
Closed,"October 27, 2016 at 05:49PM",Wireless Lab door,
Movement,"October 27, 2016 at 05:50PM",Motion Sensor,
Movement,"October 27, 2016 at 05:50PM",Motion Sensor,
Movement,"October 27, 2016 at 05:51PM",Motion Sensor,
Movement,"October 27, 2016 at 05:52PM",Motion Sensor,
Movement,"October 27, 2016 at 05:52PM",Motion Sensor,
Open,"October 27, 2016 at 05:52PM",Wireless Lab door,
Closed,"October 27, 2016 at 05:52PM",Wireless Lab door,
Open,"October 27, 2016 at 05:53PM",Wireless Lab door,
Closed,"October 27, 2016 at 05:53PM",Wireless Lab door,
Movement,"October 27, 2016 at 05:54PM",Motion Sensor,
Open,"October 27, 2016 at 05:54PM",Wireless Lab door,
Closed,"October 27, 2016 at 05:55PM",Wireless Lab door,
Movement,"October 27, 2016 at 07:02PM",Motion Sensor,
Closed,"October 27, 2016 at 07:02PM",Wireless Lab door,
Movement,"October 27, 2016 at 07:04PM",Motion Sensor,
Open,"October 27, 2016 at 07:04PM",Wireless Lab door,
Movement,"October 27, 2016 at 07:04PM",Motion Sensor,
Closed,"October 27, 2016 at 07:05PM",Wireless Lab door,
Movement,"October 27, 2016 at 07:58PM",Motion Sensor,
Closed,"October 27, 2016 at 07:59PM",Wireless Lab door,
Open,"October 27, 2016 at 07:59PM",Wireless Lab door,
Movement,"October 27, 2016 at 08:03PM",Motion Sensor,
Movement,"October 27, 2016 at 08:04PM",Motion Sensor,
Movement,"October 27, 2016 at 08:05PM",Motion Sensor,
Movement,"October 27, 2016 at 08:05PM",Motion Sensor,
Movement,"October 27, 2016 at 08:06PM",Motion Sensor,
Movement,"October 27, 2016 at 08:12PM",Motion Sensor,
Movement,"October 27, 2016 at 08:12PM",Motion Sensor,
Movement,"October 27, 2016 at 08:16PM",Motion Sensor,
Movement,"October 27, 2016 at 08:17PM",Motion Sensor,
Movement,"October 27, 2016 at 08:19PM",Motion Sensor,
Movement,"October 27, 2016 at 08:20PM",Motion Sensor,
Movement,"October 27, 2016 at 08:21PM",Motion Sensor,
Movement,"October 27, 2016 at 08:30PM",Motion Sensor,
Movement,"October 27, 2016 at 08:30PM",Motion Sensor,
Movement,"October 27, 2016 at 08:32PM",Motion Sensor,
Movement,"October 27, 2016 at 08:33PM",Motion Sensor,
Movement,"October 27, 2016 at 08:41PM",Motion Sensor,
Movement,"October 27, 2016 at 08:45PM",Motion Sensor,
Movement,"October 27, 2016 at 08:46PM",Motion Sensor,
Movement,"October 27, 2016 at 08:46PM",Motion Sensor,
Movement,"October 27, 2016 at 08:47PM",Motion Sensor,
Movement,"October 27, 2016 at 08:48PM",Motion Sensor,
Movement,"October 27, 2016 at 08:48PM",Motion Sensor,
Movement,"October 27, 2016 at 08:49PM",Motion Sensor,
Movement,"October 27, 2016 at 08:49PM",Motion Sensor,
Movement,"October 27, 2016 at 08:50PM",Motion Sensor,
Movement,"October 27, 2016 at 08:52PM",Motion Sensor,
Movement,"October 27, 2016 at 08:53PM",Motion Sensor,
Movement,"October 27, 2016 at 08:53PM",Motion Sensor,
Movement,"October 27, 2016 at 08:53PM",Motion Sensor,
Movement,"October 27, 2016 at 08:55PM",Motion Sensor,
Movement,"October 27, 2016 at 08:55PM",Motion Sensor,
Movement,"October 27, 2016 at 08:56PM",Motion Sensor,
Movement,"October 27, 2016 at 08:57PM",Motion Sensor,
Movement,"October 27, 2016 at 08:58PM",Motion Sensor,
Movement,"October 27, 2016 at 08:58PM",Motion Sensor,
Movement,"October 27, 2016 at 09:03PM",Motion Sensor,
Movement,"October 27, 2016 at 09:03PM",Motion Sensor,
Movement,"October 27, 2016 at 09:04PM",Motion Sensor,
Movement,"October 27, 2016 at 09:04PM",Motion Sensor,
Movement,"October 27, 2016 at 09:05PM",Motion Sensor,
Movement,"October 27, 2016 at 09:06PM",Motion Sensor,
Movement,"October 27, 2016 at 09:07PM",Motion Sensor,
Movement,"October 27, 2016 at 09:07PM",Motion Sensor,
Movement,"October 27, 2016 at 09:08PM",Motion Sensor,
Movement,"October 27, 2016 at 09:08PM",Motion Sensor,
Movement,"October 27, 2016 at 09:10PM",Motion Sensor,
Movement,"October 27, 2016 at 09:10PM",Motion Sensor,
Movement,"October 27, 2016 at 09:11PM",Motion Sensor,
Movement,"October 27, 2016 at 09:12PM",Motion Sensor,
Movement,"October 27, 2016 at 09:12PM",Motion Sensor,
Movement,"October 27, 2016 at 09:13PM",Motion Sensor,
Movement,"October 27, 2016 at 09:14PM",Motion Sensor,
Movement,"October 27, 2016 at 09:15PM",Motion Sensor,
Movement,"October 27, 2016 at 09:15PM",Motion Sensor,
Movement,"October 27, 2016 at 09:15PM",Motion Sensor,
Movement,"October 27, 2016 at 09:17PM",Motion Sensor,
Movement,"October 27, 2016 at 09:17PM",Motion Sensor,
Movement,"October 27, 2016 at 09:17PM",Motion Sensor,
Movement,"October 27, 2016 at 09:18PM",Motion Sensor,
Movement,"October 27, 2016 at 09:18PM",Motion Sensor,
Movement,"October 27, 2016 at 09:19PM",Motion Sensor,
Movement,"October 27, 2016 at 09:19PM",Motion Sensor,
Movement,"October 27, 2016 at 09:19PM",Motion Sensor,
Movement,"October 27, 2016 at 09:20PM",Motion Sensor,
Movement,"October 27, 2016 at 09:22PM",Motion Sensor,
Movement,"October 27, 2016 at 09:24PM",Motion Sensor,
Movement,"October 27, 2016 at 09:24PM",Motion Sensor,
Movement,"October 27, 2016 at 09:25PM",Motion Sensor,
Movement,"October 27, 2016 at 09:26PM",Motion Sensor,
Movement,"October 27, 2016 at 09:26PM",Motion Sensor,
Movement,"October 27, 2016 at 09:27PM",Motion Sensor,
Movement,"October 27, 2016 at 09:27PM",Motion Sensor,
Movement,"October 27, 2016 at 09:29PM",Motion Sensor,
Movement,"October 27, 2016 at 09:29PM",Motion Sensor,
Movement,"October 27, 2016 at 09:33PM",Motion Sensor,
Movement,"October 27, 2016 at 09:34PM",Motion Sensor,
Movement,"October 27, 2016 at 09:34PM",Motion Sensor,
Movement,"October 27, 2016 at 09:40PM",Motion Sensor,
Movement,"October 27, 2016 at 09:41PM",Motion Sensor,
Movement,"October 27, 2016 at 09:41PM",Motion Sensor,
Movement,"October 27, 2016 at 09:42PM",Motion Sensor,
Movement,"October 27, 2016 at 09:42PM",Motion Sensor,
Movement,"October 27, 2016 at 09:43PM",Motion Sensor,
Movement,"October 27, 2016 at 09:44PM",Motion Sensor,
Movement,"October 27, 2016 at 09:44PM",Motion Sensor,
Movement,"October 27, 2016 at 09:46PM",Motion Sensor,
Movement,"October 27, 2016 at 09:46PM",Motion Sensor,
Movement,"October 27, 2016 at 09:46PM",Motion Sensor,
Movement,"October 27, 2016 at 09:47PM",Motion Sensor,
Movement,"October 27, 2016 at 09:48PM",Motion Sensor,
Movement,"October 27, 2016 at 09:50PM",Motion Sensor,
Movement,"October 27, 2016 at 09:52PM",Motion Sensor,
Movement,"October 27, 2016 at 09:52PM",Motion Sensor,
Movement,"October 27, 2016 at 09:53PM",Motion Sensor,
Movement,"October 27, 2016 at 09:54PM",Motion Sensor,
Movement,"October 27, 2016 at 09:54PM",Motion Sensor,
Movement,"October 27, 2016 at 09:54PM",Motion Sensor,
Movement,"October 27, 2016 at 09:55PM",Motion Sensor,
Movement,"October 27, 2016 at 09:56PM",Motion Sensor,
Movement,"October 27, 2016 at 09:56PM",Motion Sensor,
Movement,"October 27, 2016 at 09:59PM",Motion Sensor,
Movement,"October 27, 2016 at 09:59PM",Motion Sensor,
Movement,"October 27, 2016 at 10:01PM",Motion Sensor,
Movement,"October 27, 2016 at 10:01PM",Motion Sensor,
Movement,"October 27, 2016 at 10:02PM",Motion Sensor,
Movement,"October 27, 2016 at 10:02PM",Motion Sensor,
Movement,"October 27, 2016 at 10:04PM",Motion Sensor,
Movement,"October 27, 2016 at 10:04PM",Motion Sensor,
Movement,"October 27, 2016 at 10:04PM",Motion Sensor,
Movement,"October 27, 2016 at 10:05PM",Motion Sensor,
Movement,"October 27, 2016 at 10:06PM",Motion Sensor,
Movement,"October 27, 2016 at 10:07PM",Motion Sensor,
Movement,"October 27, 2016 at 10:07PM",Motion Sensor,
Movement,"October 27, 2016 at 10:07PM",Motion Sensor,
Movement,"October 27, 2016 at 10:08PM",Motion Sensor,
Movement,"October 27, 2016 at 10:09PM",Motion Sensor,
Movement,"October 27, 2016 at 10:10PM",Motion Sensor,
Movement,"October 27, 2016 at 10:11PM",Motion Sensor,
Movement,"October 27, 2016 at 10:11PM",Motion Sensor,
Movement,"October 27, 2016 at 10:12PM",Motion Sensor,
Movement,"October 27, 2016 at 10:12PM",Motion Sensor,
Movement,"October 27, 2016 at 10:13PM",Motion Sensor,
Movement,"October 27, 2016 at 10:13PM",Motion Sensor,
Movement,"October 27, 2016 at 10:14PM",Motion Sensor,
Movement,"October 27, 2016 at 10:15PM",Motion Sensor,
Movement,"October 27, 2016 at 10:15PM",Motion Sensor,
Movement,"October 27, 2016 at 10:15PM",Motion Sensor,
Movement,"October 27, 2016 at 10:17PM",Motion Sensor,
Movement,"October 27, 2016 at 10:17PM",Motion Sensor,
Movement,"October 27, 2016 at 10:18PM",Motion Sensor,
Movement,"October 27, 2016 at 10:19PM",Motion Sensor,
Movement,"October 27, 2016 at 10:21PM",Motion Sensor,
Movement,"October 27, 2016 at 10:22PM",Motion Sensor,
Movement,"October 27, 2016 at 10:22PM",Motion Sensor,
Movement,"October 27, 2016 at 10:22PM",Motion Sensor,
Movement,"October 27, 2016 at 10:23PM",Motion Sensor,
Movement,"October 27, 2016 at 10:23PM",Motion Sensor,
Movement,"October 27, 2016 at 10:23PM",Motion Sensor,
Movement,"October 27, 2016 at 10:24PM",Motion Sensor,
Movement,"October 27, 2016 at 10:24PM",Motion Sensor,
Movement,"October 27, 2016 at 10:25PM",Motion Sensor,
Movement,"October 27, 2016 at 10:25PM",Motion Sensor,
Movement,"October 27, 2016 at 10:25PM",Motion Sensor,
Movement,"October 27, 2016 at 10:26PM",Motion Sensor,
Movement,"October 27, 2016 at 10:26PM",Motion Sensor,
Movement,"October 27, 2016 at 10:27PM",Motion Sensor,
Movement,"October 27, 2016 at 10:27PM",Motion Sensor,
Movement,"October 27, 2016 at 10:28PM",Motion Sensor,
Movement,"October 27, 2016 at 10:30PM",Motion Sensor,
Movement,"October 27, 2016 at 10:30PM",Motion Sensor,
Movement,"October 27, 2016 at 10:32PM",Motion Sensor,
Movement,"October 27, 2016 at 10:32PM",Motion Sensor,
Movement,"October 27, 2016 at 10:32PM",Motion Sensor,
Movement,"October 27, 2016 at 10:33PM",Motion Sensor,
Movement,"October 27, 2016 at 10:33PM",Motion Sensor,
Movement,"October 27, 2016 at 10:34PM",Motion Sensor,
Movement,"October 27, 2016 at 10:35PM",Motion Sensor,
Movement,"October 27, 2016 at 10:37PM",Motion Sensor,
Movement,"October 27, 2016 at 10:37PM",Motion Sensor,
Movement,"October 27, 2016 at 10:38PM",Motion Sensor,
Movement,"October 27, 2016 at 10:39PM",Motion Sensor,
Movement,"October 27, 2016 at 10:41PM",Motion Sensor,
Movement,"October 27, 2016 at 10:42PM",Motion Sensor,
Movement,"October 27, 2016 at 10:42PM",Motion Sensor,
Movement,"October 27, 2016 at 10:42PM",Motion Sensor,